Meeting,2023-04-17,100,1 hour,20-40,Jane,9876543210,14:00
Meeting,2023-04-17,100,1 hour,20-40,Jane,9876543210,14:00
Meeting,2023-04-17,100,1 hour,20-40,Jane,9876543210,14:00
Meeting,2023-04-17,100,1 hour,20-40,Jane,9876543210,14:00
Meeting,2023-04-17,100,1 hour,20-40,Jane,9876543210,14:00
Meeting,2023-04-17,100,1 hour,20-40,Jane,9876543210,14:00
Meeting,2023-04-17,100,1 hour,20-40,Jane,9876543210,14:00
Meeting,2023-04-17,100,1 hour,20-40,Jane,9876543210,14:00
Meeting,2023-04-17,100,1 hour,20-40,Jane,9876543210,14:00
Meeting,2023-04-17,100,1 hour,20-40,Jane,9876543210,14:00
Meeting,2023-04-17,100,1 hour,20-40,Jane,9876543210,14:00
Meeting,2023-04-17,100,1 hour,20-40,Jane,9876543210,14:00
Meeting,2023-04-17,100,1 hour,20-40,Jane,9876543210,14:00
Meeting,2023-04-17,100,1 hour,20-40,Jane,9876543210,14:00
Meeting,2023-04-17,100,1 hour,20-40,Jane,9876543210,14:00
Meeting,2023-04-17,100,1 hour,20-40,Jane,9876543210,14:00
Meeting,2023-04-17,100,1 hour,20-40,Jane,9876543210,14:00
Meeting,2023-04-17,100,1 hour,20-40,Jane,9876543210,14:00
Meeting,2023-04-17,100,1 hour,20-40,Jane,9876543210,14:00
Meeting,2023-04-17,100,1 hour,20-40,Jane,9876543210,14:00
Meeting,2023-04-17,100,1 hour,20-40,Jane,9876543210,14:00
Meeting,2023-04-17,100,1 hour,20-40,Jane,9876543210,14:00
Meeting,2023-04-17,100,1 hour,20-40,Jane,9876543210,14:00
Meeting,2023-04-17,100,1 hour,20-40,Jane,9876543210,14:00
